Big Bird,1,Sesame Street,Fakeville,12345
Eric Galvan,2,87684 Wilson Plaza Apt. 564,West Nicoleside,50738
Martha Hernandez,3,723 Megan Pine Apt. 492,North Williamport,01142
Kimberly Hernandez,4,155 Gray Locks Suite 216,Lake Melissa,09231
Kevin Payne,5,081 Vasquez Plaza Apt. 056,Donaldville,05289
Jeffrey Olsen,6,97038 Davis Motorway,Ashleybury,16547
Kayla Murphy,7,15954 Smith Pine,Lauraview,60341
Patrick George,8,9844 Robert Forest Apt. 773,Jamesfort,69144
Danny Hernandez,9,2096 Bowman Via Apt. 655,Danielport,96033
Donna Brock,10,0520 Wang Bypass,Patriciachester,30355
Carol Suarez,11,870 Ashley Valley Apt. 459,South Lori,20315
Mrs. Tammy Castillo,12,48937 Joyce Shoal,Elliottstad,84652
Rebecca Pugh,13,57372 Nicole Burg,South Teresaview,29026
Evan Hernandez,14,2698 Odom Route,Sanfordport,46159
Dillon Payne,15,231 Sheppard Turnpike,Reedchester,60045
Carrie Griffin,16,382 Little Junction Suite 740,Skinnerview,52575
Sarah Frey,17,150 Barbara Fords Suite 695,Andersonborough,25612
Deborah Wright,18,648 Christine Avenue Apt. 047,West Loriside,13561
Amy Myers,19,55702 Mckee Pass Suite 684,Paulmouth,22128
Donna Wagner,20,432 Angela Ridges,Port Grantfurt,62830
Karen Brock,21,201 Scott Forges,Jennifermouth,72528
Christina Willis,22,2211 Larry Meadows,North Cindymouth,94671
Sarah Coleman,23,6475 Lawson Falls Apt. 205,Erinburgh,24708
Steven Luna,24,31940 Bryan Ridges Apt. 304,New Dustin,14660
Brian Mahoney,25,6924 Atkinson Shoal,Terrellhaven,18245
Mary Smith,26,431 Vargas Springs Apt. 123,Davidsonshire,10824
Rose Nguyen,27,445 Stephanie Mount Suite 099,Port Gregory,11022
Michelle Flores,28,40178 Hayes Lake,New Ronaldville,71993
Bryan Robertson,29,7658 Julie Mountain,North Tracyhaven,39416
Erin Whitaker,30,1871 Yoder Route Suite 615,New Blake,92539
Jessica Novak,31,11368 Thompson Keys,East Rachel,15305
Ana Garcia,32,9334 Anthony Expressway,Lopezview,03879
Donna Rollins,33,12021 Johns Brook,Marystad,96127
Jeffrey Hall,34,46397 Wells Valley Suite 769,Andersonville,18122
Patricia Mason,35,60866 Robin Streets,Angelachester,04438
Ricky Williamson,36,847 Amanda Tunnel Apt. 187,New Stephenville,32392
Tyler Smith,37,801 Robbins Prairie Apt. 147,West Davidchester,49306
Jenna Molina,38,6846 Vanessa Forks,Petermouth,54428
Kelly Carroll,39,069 Angel View,East Lisaside,54166
Erin Caldwell,40,46404 Willie Corner Suite 822,New Walter,60076
Amy Knight,41,636 Ashley Court Suite 906,East Alicia,55872
Brenda Simmons,42,20900 Jones Summit,Juanside,44434
Joyce Lambert,43,1691 Lisa Motorway Suite 238,Port Kristin,31588
Justin Ward,44,74676 Williams Station Suite 839,Port Malik,99498
Robert Nelson,45,65879 Medina Extensions Suite 011,Sampsonburgh,06136
William Rosario,46,05399 Hooper Parkway,Martinville,48014
Joseph Guerrero,47,578 Patterson Row,West Erica,40750
Margaret Brown,48,4188 Le Ferry,Port Elizabeth,16489
Tamara Wright,49,1108 Charles Forge,Port Diane,40105
Joseph Wilkins,50,09045 Sergio Hills,New Kaitlinstad,06915
Jesus Porter,51,94825 Dennis Haven Apt. 164,Burnettside,49072
Melissa Sims,52,790 Mary Mountains,Port John,05250
Jennifer Burton,53,3309 Zoe Shoals Apt. 858,North Brittany,17387
Michael Reeves,54,5483 Thomas Glen,Mitchellchester,12429
Dustin Thomas,55,28966 Holder Bridge,Briggsstad,91582
Danielle Rodriguez,56,05679 Frey Square Apt. 625,Patriciaview,47330
Jessica Garcia,57,42781 Thompson Station,Maddenshire,70631
Phillip Keller,58,08000 Laura Courts Suite 220,East Krystaltown,80847
Steven Gray,59,13298 Adam Points,East Brendaville,17190
Jillian Malone,60,28558 Dustin Rapid,Joshuamouth,99481
Joshua Torres,61,07015 Scott Tunnel,East Robertview,73951
David Prince,62,6519 Martin Drives,Ellisfurt,77422
Brandon Henry,63,54580 Lisa Shoal Suite 976,Youngville,84677
Christopher Guzman,64,286 Kelley Locks Apt. 889,Thompsonburgh,09203
Jose Galloway,65,09978 Richard Expressway Apt. 724,East Williamfurt,17924
Brian Vaughn,66,9422 Sullivan Burgs,Wrightton,09797
Erin Mendez,67,3336 Brown Valleys,Marciachester,75018
Crystal Garza,68,58104 Phillips Run,West Billy,98065
Mrs. Nicole Beasley,69,090 Robert Village Suite 845,Brownburgh,94724
Brandon Roberts,70,6243 Grant Harbor Suite 385,Michaelhaven,20946
Chad Levine,71,08031 Sandoval Meadows,Benjaminhaven,90494
Bradley Hart,72,91189 Salazar Courts,Lake Brookeside,25213
Taylor Carson,73,77407 Salinas Court Suite 102,New Nicolestad,01910
Brandon Hicks,74,388 Lang Island,Colemanview,04280
Amanda Johnson,75,9698 Liu Island Suite 374,Sarahborough,36510
Mark Wilson,76,77257 Farmer Valleys,North Nicoleside,56297
Diana Chang,77,89869 Swanson Curve,East Alyssa,57732
James Conley,78,32273 Thomas Keys Apt. 366,North Bryan,03625
Stephanie Morse,79,06080 Smith Knoll Suite 466,Port Tarabury,99415
Donna Flowers,80,2221 John Streets Apt. 154,East Rachel,99925
Kaitlin Farmer,81,8194 Melissa Street,West Glen,02992
Jeremiah Cannon,82,0336 Kemp Key,Courtneyfort,68695
Beth Duran,83,9095 Gonzalez Courts,North Douglas,18123
Joseph Hill,84,229 Donna Land,Davenportmouth,67475
Jimmy Hayden,85,424 Edwards Forks Apt. 561,New Joeside,56005
Robert Henderson,86,27410 Sanchez Meadow,Evansland,76082
Andrew Bennett,87,1416 May Valley Suite 946,Murillohaven,47415
Mr. Michael Murphy,88,87106 Mitchell Light,Port Brooke,37269
Michael Lewis,89,5750 Carpenter Cliffs,South Johnny,68410
Jessica Aguirre MD,90,163 Tucker Freeway,Shawnfort,74285
Benjamin Delgado,91,80813 Cardenas Roads,Lake Devin,08832
Alicia Brown,92,3713 Olsen Avenue,Port Robertview,61402
Lauren Jenkins,93,520 Megan Dam,Michaelport,44739
Austin Smith,94,395 Sarah Spring,Angelaburgh,75031
Taylor Sanchez,95,04658 Wilson Cliffs,Franklinland,93122
David Morales,96,1597 David Courts Suite 027,Aprilland,86276
Adam Alvarado,97,39147 Harper Wells Suite 499,Caseybury,07945
Angela Larsen,98,8631 Harris Crossing Suite 290,Colemantown,06531
Beth Hampton,99,628 Hudson Parkway,Blankenshipmouth,21762
Jennifer Fletcher,100,5618 Sarah Freeway Suite 660,West Melaniefort,80743
Patrick Banks,101,169 Brewer Alley Apt. 284,West Kathleen,21509
Francisco Bishop,102,0804 Danny Stravenue,Hernandezview,19880
Victor Morse,103,054 John Road Apt. 527,East Gregoryview,20976
Erica Whitaker,104,8612 Annette Pine,Erikland,68350
Nicole Reyes,105,17528 Shawn Mountain Apt. 969,Lake Colin,88152
Michele Leblanc,106,3893 Sarah Garden Apt. 888,West Justin,16364
Molly Mercado,107,86563 Shannon Course,North Rebeccashire,47686
Ashley Wilson,108,85648 Perez Ridges,Singhshire,39600
Christine Phillips,109,857 Molly Oval,Alicehaven,28705
Brianna Moran,110,8565 Nichols Junctions,Kingbury,47801
Danielle Richmond,111,7607 Rebecca Garden,Obrienborough,92840
Jennifer White,112,1256 Pearson Fall,Everettland,11096
Javier Fernandez,113,19561 Patricia Corners,New Alexandraport,50815
Michelle Rodriguez,114,9898 Vincent Estate Apt. 215,Port Deborah,31862
John Olson,115,8940 Smith Port,Jameshaven,74632
Troy Evans,116,543 Kayla Ports Suite 056,Patelville,65898
Andrew Ramirez,117,06611 Joe Viaduct,Lewisland,91460
Brian Hunt,118,440 Kathleen Trafficway,East Brucebury,44970
Scott Shaw,119,03132 Brandon Harbors,Nicoleshire,04470
Kirk Evans MD,120,906 Smith Meadow Apt. 931,New Christineport,55827
Eric Bradford,121,38819 Brooks Square Apt. 604,South Mariamouth,06682
Cynthia Becker,122,816 Angela Road,New Biancahaven,41030
Cynthia Carter,123,339 Johnson Estates,Carlhaven,94506
Anne Bond,124,27681 Miller Brooks,Rachelfort,42514
Destiny Young,125,725 Amber Forge Apt. 673,Tammyport,38693
Anthony Soto,126,716 Amy Shore,Josephfurt,71841
Patrick Martinez,127,5299 Mckenzie Cape Suite 994,Justinside,33633
Charles Holland,128,8363 Rivera Extension Suite 402,Lake Melissa,05605
Michael Odonnell,129,60380 Lambert Stravenue Apt. 690,New Jamesview,98923
Aimee Wagner,130,01507 Wood Knoll Apt. 275,North Edward,15100
Kelly Oconnell,131,471 Stacey Mews Suite 656,Port Ashleychester,03991
Bryan Adkins,132,2862 Mills Rest,Stewartchester,79426
Joan Mejia,133,098 Li Walk,Mindyfurt,76703
Ryan Barnes,134,37442 Riley Streets Apt. 812,New Michele,67001
Mr. Bernard Newton,135,119 Nancy Cape Apt. 322,Lowetown,19680
Glenn Martinez,136,0561 Matthew Forks,East Beverlyton,60071
Christina Johnson,137,554 Susan Mountain Suite 926,Port Anthonyland,88836
Susan Davis,138,4481 Maldonado Stream,Olsonborough,89403
Michael Hartman,139,9783 Delgado Corners Suite 468,East Christopher,11896
Michael Norris,140,551 Erica Garden,Port Colinborough,06911
Kelsey Martin,141,120 Mark Summit,Kellyfort,50273
Ashley Rowland,142,6348 Alexandra Lane Suite 426,East Kevinview,53942
Mr. John Perkins,143,27067 Jordan Burgs Suite 943,West Richardborough,38988
Ronald Mann,144,394 Deanna Village,Lake Cynthia,19460
Nancy Anderson,145,403 Tara Mountain Suite 507,Griffinshire,37527
Joseph Spencer,146,02251 Clark Trail,Kathleenmouth,86554
Andrea Moreno,147,9535 Foley Mill Suite 114,West Amytown,19346
Teresa Banks,148,11457 Alexis Square Suite 924,Lake Elizabethport,97179
Christopher Le,149,769 Seth Forges,Margarettown,67192
Becky Carter,150,212 Tucker Row,North Debra,32196
Anthony Dennis,151,521 Jeremy Dale Apt. 080,Powellfurt,67575
James Robinson,152,9005 Herrera Oval Suite 904,Mikaylaville,15888
Renee Rose,153,3107 Berg Ville,Port Bradleymouth,68837
Latasha Weaver,154,469 Karen Ville Apt. 089,Kimberlyfort,05534
Daniel Johnson,155,553 Coleman Wells,Gallegosport,77276
Mary Valdez,156,6421 Christopher Locks,North Christopherhaven,39142
Nicole Jones,157,039 Baird Underpass Apt. 141,North Sarah,61581
Justin Ortiz,158,354 Conway Walks,West Donaldtown,84066
Patrick Dougherty,159,79819 Shannon Shore,Alexisport,77601
Joshua Torres,160,90853 Hill Locks,Josephhaven,74048
Thomas Miller,161,8461 Samuel Fort,Port Melissa,77472
Rhonda Miller,162,88150 Jessica Stream Suite 292,Andersonfurt,22275
Peter Hunter,163,886 Miller Corners Apt. 671,South Edwardfort,06656
Alexis Chang,164,97320 Adrienne Extension,Lake Craigfort,40853
Sherry Roberson,165,11314 Chase Divide,Wallacemouth,80040
Lucas Christensen,166,541 Elizabeth Radial Suite 703,Cohenhaven,08185
Luis Lane,167,623 Peters Burg Suite 535,East James,21181
Sharon Horn,168,854 Schroeder Manors,Lake Hannahmouth,90926
Amber Obrien,169,89290 Manning Fort,Wellschester,74549
Rachel Cobb,170,706 Mary Trace,Flowerschester,07912
Tracy Edwards,171,0011 Johnson Orchard,Graytown,11704
Joy Mitchell,172,24937 Barrett Stream Suite 792,East Catherine,85336
Desiree Smith,173,770 Morales Lodge,West Joseph,83728
Tara Deleon,174,416 Tanya Shores Suite 034,Lake Victorborough,36074
Derek Smith,175,6310 Sharon Hill Suite 821,Olsonhaven,95087
Marissa Johnson,176,863 Elizabeth Flat,Rodneyfort,54509
William Larsen,177,6445 Aaron Springs,Taylorhaven,30720
Jerry Watson,178,2558 Perry Squares,Lorifort,32758
Angel Kennedy,179,436 Thomas Keys,Douglastown,44345
Grant Dawson,180,147 Sandoval Way,Brownland,39793
Micheal Dillon,181,915 Holly Light,Melanieside,68825
Timothy Wilson,182,134 Rivera Row Suite 136,Lindaland,77263
Sherry Clark,183,004 Amy Viaduct Suite 399,New Nicole,54995
Amber Edwards,184,126 Shannon Camp Suite 401,New Tamiburgh,38735
Vanessa Long,185,5430 Hannah Square Suite 768,Lopezchester,30161
Courtney Edwards,186,7653 Paula Ford Suite 175,West Lisa,49457
Zachary Davis,187,01855 Randy Meadows Apt. 209,Lake Courtneyside,08170
David Bird,188,84750 Murphy Shore,Lake Elizabeth,62745
George Wilkinson,189,8021 Lane Valleys,East Valeriebury,47023
Jeffery Johnson,190,037 Harmon Course Apt. 434,Jasonchester,42166
William Meyer,191,214 Smith Radial,Christinetown,24985
Lori Nichols,192,05906 Clements Hollow Suite 077,Port Danielmouth,90554
Gregory Ryan,193,93382 Anthony Plains,Port Hannah,98891
Adam Cook,194,924 Tyler Summit Suite 106,Lawsonhaven,70891
Jon Parker,195,66658 Jason Manor Suite 773,East Nicholas,40040
Thomas Becker,196,3425 Ashley Burgs,Port Danny,66510
Angela Chan,197,780 Eric Plaza,Shieldston,60842
Rebecca Frost DDS,198,9934 Dickerson Underpass Suite 169,New Annette,07638
David Bullock,199,869 Baker Gateway,Leachtown,63445
Michael Smith,200,311 Williams Field Suite 281,Deborahview,86350
Sean Wright,201,19108 Villarreal Harbor,Tonyborough,16927
Amanda Mckinney,202,5368 Amanda Avenue,Amandafurt,83904
Denise Moyer,203,51453 Greer Plaza Apt. 400,Walterborough,16176
Brooke Pena,204,37959 Gibbs Trail,South Jenna,16555
Mrs. Rachael Harrington,205,6105 Kim Mountain,Thorntonland,53420
Stephen Murphy,206,136 Wheeler Drive Suite 545,Hicksside,22144
Amanda Soto,207,6981 Perez Valley Apt. 461,Paulberg,90800
Maria Wilson,208,0792 Ryan Unions Apt. 558,Mathewsside,20948
Thomas Morris,209,080 Lisa Mount Apt. 281,West Marialand,74165
Erika Shaw,210,3254 Angela Crest Suite 164,Valentineberg,29475
Christina Avila,211,58891 Walker Canyon Apt. 694,Michellemouth,50618
Amanda Hammond,212,79868 Christina Cape,North Tracyshire,18652
Riley Burke,213,4662 Kelly Forge,Williamsshire,55070
Karen Anderson,214,75502 Kimberly Forest,Lake Joseland,03516
Ricky Martinez,215,7157 Wright Ridge Suite 407,Candiceborough,60463
Laurie Gutierrez,216,2477 Crawford Highway Apt. 453,New Zachary,65914
Barbara Small,217,115 Dominic Mill,Melissabury,94994
Jose Butler,218,97244 Weeks Motorway,South Kimberly,79366
Ricardo Johnson,219,82089 Andrew Cliff Apt. 679,West Kathy,05074
Wesley Phillips,220,5393 Sandra Crossing Apt. 743,Tuckerville,14701
Michael Riggs,221,5308 Lowery Mountains,New Zachary,28109
Jade Wells,222,0752 Nicholas Stream,Davidshire,19735
Justin Pena,223,323 Mason Centers Apt. 623,Amandaland,74525
Walter Wright,224,9102 Bolton Junction Suite 968,Port Kathleenhaven,06517
Christian Cooper,225,3907 Brady Ford Apt. 838,Port Amanda,72207
Kimberly Mccoy,226,53012 Sarah Overpass Apt. 284,Caitlynchester,80982
Mary Brown,227,508 Anne Port,Jonathanchester,41867
Danny Newman,228,61626 Silva Spur Suite 136,Beverlychester,94832
Patrick Hicks,229,137 Philip Park,Wardport,03231
Jason Lane,230,969 David Spur Suite 845,South Ashley,39211
Kevin Cantu,231,270 Diaz Route,Danielstown,40648
Stephen Sanchez,232,616 Branch Stravenue,Jeffreyview,59230
Paul Morales,233,249 Jennifer Mills,West Wesleyberg,46584
Mary Smith,234,6096 Sawyer Village Apt. 461,New Geraldstad,79264
Cameron Keller,235,36379 Gomez Roads Suite 968,North Michaelbury,19386
Michael Mejia,236,1710 Cain Mall,Arnoldshire,16456
Leslie Brewer,237,412 Fitzpatrick Circle Suite 616,New Jason,21859
Crystal Perry,238,6780 Cynthia Springs,East Christopherfort,83679
Daniel Oneal,239,74126 Washington Pine,Bauerville,56310
Teresa Carey,240,0928 Pittman Shoal Suite 445,South Aaron,74955
Alicia Sanders,241,80870 Emily Street Apt. 463,Kaylaside,79144
David Leon,242,329 Martin Spur,South Veronicaburgh,67640
Elizabeth Murphy,243,33093 Jonathon Islands Suite 205,Loganshire,34439
Joseph Delgado,244,657 Amber Route,West Courtney,13997
Benjamin Roberts,245,010 Long Avenue Suite 468,North Sandra,36206
Ann Bennett,246,403 Castaneda Port,Port Kathleen,34346
Megan Palmer,247,35726 Davis Forge Apt. 406,South Christina,77217
Louis Foster,248,667 Stephens Port,Seanport,04021
Jenna Mccoy,249,6749 Lauren Mountains,Johnborough,42861
James Stevens,250,1594 Luna Cove Suite 022,Port Melody,66207
Paul Rios,251,565 Nelson Roads,Smithberg,34200
Walter Glass,252,02766 Berger Haven,Larryland,13418
Cynthia Jackson,253,5423 Sara Canyon,West Benjamintown,09473
Stephanie Moran,254,324 Potter Isle Apt. 899,Port Ronaldberg,35618
Andrew Guzman,255,3846 Carter Terrace Apt. 591,Garcialand,82800
Leah Ramirez,256,4770 Miller Dale Apt. 643,Randyview,16828
Lisa Jimenez,257,20966 Hill Locks Suite 383,Bryanland,98022
Wesley Johnson,258,269 Melissa Road Suite 753,Robertfurt,27268
Keith Cobb,259,7199 Angela Cliffs Suite 827,Chanton,77074
Allison Wilson,260,4072 Jeremy Crossroad,West Robert,33285
William Hayes,261,29712 Lopez Isle,West Brettchester,06088
Michael Le,262,422 Barbara Roads Apt. 215,Boonetown,95171
Mary Love,263,9871 Christopher Mission Suite 742,Simmonsside,55008
Brooke Garcia,264,09815 Delgado Freeway,Sandovalland,65582
Jenna Glover,265,0696 John Knolls,New Angelaport,55576
Rebecca Stafford,266,587 Wood Oval,Emilychester,86438
Kimberly Peters,267,817 Jones Dale,Millerfurt,62300
Stephanie Smith,268,082 Steve Hill,Allisonborough,89949
John Wiggins,269,157 Zachary Extension,Reyesland,69628
Angela Jacobs,270,432 Lisa Wells,East Melissa,64325
Amber Hicks,271,8266 Mason Hills Apt. 421,Philipside,26085
Ariana Davis,272,47433 Scott Prairie Apt. 048,Hernandezshire,19118
Alexander Moon,273,5132 Martinez Track Apt. 244,Collierland,87662
Margaret Adams,274,71690 Hanson Ports Apt. 235,Stephanieshire,90518
Jennifer Fischer,275,138 Scott Glens Apt. 733,Anthonytown,11945
Wesley Sanford,276,177 Ashley Light Suite 452,Port Andre,43844
Matthew Bailey,277,8128 Amanda Crossroad,Port Ryanland,36917
Amanda Harrison,278,612 Nicholas Pass Suite 971,Port Jennifer,32614
David Jimenez,279,16674 Patrick Common,Campbellchester,63445
Heather Pearson,280,55169 Richard Drive,South Benjaminbury,27021
Cory Hall,281,575 Eric Mountain Apt. 356,Lake James,93329
Shawn Gutierrez,282,82939 Mary Mews,West Craig,19508
Robert Kidd,283,2645 Morgan Cove Suite 643,New Jessicafort,38100
Karen Baker,284,67199 Lisa Springs,Danielmouth,95983
Kathy Smith,285,9665 Daniel Brook Suite 442,Lake Isabellamouth,77280
Lisa Edwards,286,088 Ariana Knolls Suite 493,Ericport,64279
Richard Davila,287,8588 Lisa Canyon Apt. 865,Foxborough,26604
Susan Gomez,288,70566 Grace Causeway Apt. 530,Farmerview,91968
Kelsey Johns,289,1662 Vanessa Ports Suite 131,Sanchezport,24045
Tony Wright,290,44172 Tammy Meadows,Raymondton,52570
James Horton,291,0226 Renee Turnpike Apt. 073,West Tammyville,31490
Vincent Wolfe,292,716 Meadows Via Apt. 870,West Josephport,08103
Luis Noble,293,14979 Ramirez Mountain Apt. 220,New Danielle,21311
Scott Saunders,294,497 Nancy Manors,Avilaberg,48726
Patricia Carroll,295,5600 David Viaduct,New Malikbury,74617
Kyle Lewis,296,281 Liu Burg,Joneschester,57441
Nicholas Kelly,297,243 Carla Mount Apt. 991,South Soniaville,31777
Ashley Deleon MD,298,28027 Tracey Parkways,Port Danhaven,21141
Vicki Kennedy,299,021 Smith Loop Apt. 325,Hoovershire,71569
Robert Rose II,300,403 Jenkins Gateway Apt. 140,North Albertstad,78067
Roger Walsh,301,11601 Rose Run Suite 029,Lake Justinland,91096
Brenda Bailey,302,779 Marvin Heights,Lake Tracyfort,81742
Kendra Gomez,303,914 Kelley Junctions,Cohenshire,97322
Mary Goodman,304,670 Torres Viaduct,Joshuaburgh,05759
James Rodriguez,305,0018 Sweeney Drives Apt. 930,New Jasonside,56513
Victoria Miller,306,55264 Castro Cliffs Suite 844,East Dustinton,67413
Joshua Howard,307,2208 Wesley Drive Apt. 622,Foxport,24356
Cynthia Barnes,308,772 Harris Harbor Apt. 889,Port Jacobhaven,84413
Christina Andrade,309,71709 Baker Isle Apt. 033,New Patrickburgh,32196
Juan Moran,310,556 Leon Manors Apt. 420,New Tammyborough,63048
Katie Lopez,311,23155 Torres View,New Peggy,61911
Angela Meyer,312,28412 Dwayne Ridges Suite 822,Leonmouth,02358
Elizabeth Martinez,313,9131 Gilbert Corner,North Miranda,38409
Dennis Berry,314,223 Ward Forks Suite 656,Sanchezberg,44848
Brandon Durham,315,6784 Devon Corner,Loriberg,89333
Edward Ray,316,01248 Katie Route Suite 364,Connerstad,55829
April Gomez,317,46840 Jones Point,South Margaret,19411
Elizabeth Castillo,318,0369 Wright Route,West Shawn,86121
Greg Lucero,319,4549 Morris Rest,North Jillian,84837
Tracy Clark,320,98848 Eduardo Street,South David,79666
David Davis,321,48144 Casey Lodge Apt. 034,Hallmouth,44454
Walter Brooks,322,6277 Brenda Lakes,Maryberg,63765
Kim Sanchez,323,977 Ann Stravenue Suite 972,Floresland,68221
Andrew Watkins,324,28924 Alexander Avenue,New Lauraland,83383
Brian Scott,325,52238 Solomon Forges Suite 650,South David,24857
Sean Lowe,326,8013 Charles Curve Apt. 341,South Caitlinland,64191
Eric Gross,327,976 Mcdowell Springs Suite 429,Lynnborough,00601
Sierra Rogers,328,7845 Randall Flat Apt. 719,North Brian,62614
Christian Whitaker,329,417 Cohen Green,New Mark,25579
Nicholas Reeves,330,32972 Lisa Lights Apt. 210,New Brandonport,05640
Alexandra Li,331,12535 Moore Forge Apt. 481,North Lisa,30837
Mr. John Murray,332,404 Shawn Mills Apt. 269,Karenborough,18219
Holly Ibarra DVM,333,579 Gina Points Suite 776,Patrickberg,58670
Andres Huynh,334,46231 Debra Coves,Williamsshire,27572
Billy Short,335,698 Reid Prairie,Leborough,03231
Kevin Cross,336,7473 Julia Knolls Suite 195,East Ann,82396
Mr. Anthony Gutierrez Jr.,337,628 Tiffany Center,Ibarraton,38186
Brian Campbell,338,1352 Dale Crossing Suite 299,Anthonyfort,35612
Tyler Burnett,339,330 Myers Key,West Cory,37149
Michael Young,340,3493 Nelson Haven Apt. 420,Johnsonside,07384
Jackie Marshall,341,390 Arnold Mountain,Port Kristyland,84584
Stephanie Dalton,342,1464 Rodriguez Inlet Apt. 712,Grimeshaven,23456
Whitney Harris,343,332 Joseph Knolls Suite 957,South Scott,59429
Michele Hunt,344,213 Cory Island,Burkeport,76528
Christopher Bishop,345,026 Aaron Street,South Pamelaberg,97066
Megan Gay,346,282 James Station,Angelaburgh,54374
Christopher Robinson,347,0490 Hancock Pass,Tylerport,47047
Nancy Cooper,348,269 Gutierrez Walk,Millerton,16745
Karen Fisher,349,49807 William Village,Hendersonview,93365
Cindy Knox,350,07263 Wagner Rapid Apt. 958,Lake Markton,06239
Diana Newton MD,351,151 Jeffrey Extensions,Alanshire,59012
Jessica Holmes,352,40333 Munoz Rest Suite 046,Keithfort,24170
Harold Patel,353,438 Rebecca Court,Laurenhaven,34434
Shannon Ramirez,354,72899 Herring Pike,Port Ricky,43633
Isaac Anderson,355,283 David Mill,Richardfurt,05046
Kathy Williams,356,626 Lee Rapid,New Daniel,74997
Ronald Haynes,357,099 Carter Center,Port Sarahmouth,61763
James Mcbride,358,88384 Ross Forest Apt. 451,Port Johnbury,93188
Jason Freeman,359,00443 Hall Gateway,Lake Michaelfort,28291
Darrell Ferguson,360,25137 Ann Unions Apt. 680,Debbieborough,39405
Mitchell Davis,361,80423 David Field Suite 933,Taylormouth,99224
Laura Rodriguez,362,2610 Elliott Stream,East Sandrachester,41966
Audrey James,363,01129 Jackson Orchard,Austinhaven,04260
Jacob Proctor,364,974 Wyatt Parks,Archermouth,84902
Kimberly Mcgrath,365,5498 Kimberly Knoll Apt. 805,West Lauren,29481
Craig Kramer,366,1421 Haynes Wall,Port Susanmouth,52993
Ashley Ramos,367,165 Gentry Shoal,New Morganfort,50845
Nancy Mitchell,368,6820 James Flat Apt. 554,Vasquezberg,22781
Jimmy Rivas,369,660 Aguilar Plain Suite 405,Gutierrezside,36302
Anna Rivera,370,8503 Jason Station Suite 373,Floydport,87569
Linda Baker,371,63135 Michael Path,North Larryfurt,22968
Mary Johnson,372,330 Jeffrey Corner Apt. 120,New Bernardborough,19684
Angela Garcia,373,6047 Hartman Streets,New Thomasmouth,77383
Michael Scott,374,395 Baker Field,Robertside,58378
Kayla Marks,375,0743 Cannon Dam,Jorgeborough,20712
Brian Daugherty,376,641 Melton Drive,New Jamesview,45950
Richard Evans,377,5071 Roman Route Suite 395,Natashafurt,39644
Nicole Waters,378,426 Jennings Station,South Patrickhaven,27577
Karen Hernandez,379,3604 Jeffrey Bridge Apt. 502,New Zacharyburgh,55653
Colin Reed,380,27563 Robinson Pine Apt. 518,Catherinefurt,23412
Judith Larson,381,683 Scott Fords,North Pamelachester,33972
Tammy Pitts,382,56377 Matthew Ramp,Johnport,86982
Henry Hill,383,41696 Ellison Neck Apt. 027,South Timothy,44941
Mr. Patrick Hart,384,037 Bianca Vista,East Trevor,84450
Jeremy Jennings,385,2985 Jaclyn Crossing Apt. 762,Stephaniefort,18162
Glenn Harris,386,21944 Charles Mount Apt. 566,Anthonyshire,67352
Mrs. Anna Lewis,387,3887 David Roads Apt. 697,Kellyhaven,96245
Jason Chavez,388,264 Robinson Points Apt. 932,Lake Curtiston,10653
Sarah Murray,389,494 David Court,East Danamouth,49597
Dennis Ward,390,164 John Forge,Port Nicoleland,23876
Jacob Shepherd,391,04940 Willie Groves Suite 240,North Lori,78949
Donald Strickland,392,08328 Nicholas Lakes Apt. 069,Buchananburgh,64422
Paul Harris,393,59045 Bethany Plaza,Lisaport,22336
Andrew Rivera,394,62743 Amy Stravenue,Lake Cody,59517
Dr. Jeffery Bush,395,62708 Smith Manors,South Tonya,13434
Herbert Jimenez,396,1384 Chung Coves Suite 399,Port Bethany,11477
Tonya Kemp,397,955 Owens Run,New Crystal,17478
Jason Mcdonald,398,348 Jimenez Plaza,Valerieville,99061
Megan Dean,399,40682 Brewer Courts Apt. 010,Wardstad,77780
Maria Sexton,400,59756 Tyler Mountain,Ashleyberg,32180
Dr. William Flores MD,401,694 May Vista,Port Kurtburgh,02326
Wanda Peterson,402,9196 Weaver Mission,Guerreroberg,12667
Tony Wolfe,403,01015 Breanna Forges Suite 464,Smithchester,48762
Christine Mckenzie,404,542 Nelson Square,New Matthewborough,56610
Vanessa Morrison,405,44293 Heidi View,Karinaport,39147
Karen Gardner,406,52752 Tanya Curve Apt. 277,Port Debraport,98351
Thomas Fisher,407,57014 Cassandra Green Apt. 553,Robertshire,97366
Dr. Alexa Bennett DDS,408,39647 Combs Cliff Suite 427,Williamburgh,38793
Brian Chapman,409,184 Johnson Trail Suite 025,North Lee,02791
Joyce Moore,410,43737 Diamond Vista,Port Jasmine,43804
Michelle Harper,411,115 Stephenson Row Apt. 656,North Sarashire,30338
Francisco Morris,412,2372 Barry Meadows,Lake Kennethville,04183
Nathan Valenzuela,413,18101 Richard Knolls Suite 996,Jenniferland,11020
Pamela Fletcher,414,790 Shaun Glens,Port Michaelmouth,20868
Christine Anderson,415,78842 Henson Circle Apt. 987,North Anna,19661
Peter Frank,416,74715 Christina Mall Suite 600,Lake Dwayneside,49845
Brian Pollard,417,60606 Michael Drives,Youngstad,30557
Michael Clark,418,03354 Steven Extension,Trujilloport,96162
Michael Williams,419,14995 Christine Throughway Suite 180,Lake Patrickstad,33546
Megan Garcia,420,511 Courtney Springs,Jeremyton,70586
Madison Hayes,421,95140 David Lodge Suite 260,Greenhaven,26724
Dana Murphy,422,46132 Brooke Motorway Apt. 813,East Rachel,07894
Crystal Torres,423,13854 Mary Fords Apt. 149,Beckybury,73177
Andrew Thomas,424,766 Jones Street,Susanhaven,37813
Vickie Boyd,425,855 Boone Falls Apt. 293,North Danielle,85073
Jonathan Willis,426,68041 Adams Throughway,Port Tiffany,38015
Michele Fox MD,427,67698 Snyder Causeway,Cookton,45947
Steven Moses,428,248 Michael Haven,Montgomeryborough,38977
Alexander Huang,429,574 Mark Landing,New Kelli,18799
Denise Macias,430,6904 Soto Parks Apt. 520,Lake Cynthialand,95729
John Harmon,431,3810 Eric Orchard,Tylerberg,30085
Kenneth Roberts,432,268 Rachel Course,South Carolynchester,78326
Edward Johnson,433,510 Timothy Rue Apt. 314,North Joy,78327
Larry Romero,434,718 Benson Junction Suite 181,Curtisshire,91312
Christian Neal,435,67499 Hammond Passage,West David,56517
George Neal,436,10129 Matthew Trafficway Apt. 882,Anthonyfurt,22800
Rebecca Potter,437,85524 Brianna Trafficway,South Sarahfurt,18691
Monique Martinez MD,438,56687 Katrina Cove Suite 330,Henryshire,99603
Jaime Santana,439,81998 Callahan Landing Apt. 570,Sydneytown,04547
Susan Hawkins,440,78106 Harmon Causeway,Lake Rachelburgh,78072
Toni Jones,441,3578 Jennifer Branch Apt. 965,West Courtneychester,83133
Michael White,442,15182 Gloria Pine,Steintown,92771
Kenneth Fritz,443,84753 Diana Mission,South Kellymouth,04015
Janet Gentry,444,94077 Marilyn Square Suite 193,Jaredburgh,83165
Jonathan Welch DDS,445,227 Woodard Mountains Apt. 894,Smithfort,91737
Eric Dyer,446,56963 Evans Parks,New Kimberly,47528
Martha Ross,447,59532 Carr Dale Suite 380,Jennifermouth,63503
Tina Simmons,448,20222 Kimberly Gateway Apt. 848,Millerhaven,66180
Sara Payne,449,6625 Schneider Course,Scottburgh,78226
Jeremiah Torres,450,63709 Lopez Valleys,New Traviston,24577
Jonathan Wilson,451,773 Rebecca Mill,Amandaberg,59540
Dustin Williams,452,229 Samuel Knoll,Gentryville,52430
Deanna Roberts,453,92447 Stephanie Prairie Apt. 837,West Daniel,81545
Charles Ferrell,454,301 Blake Fall,Port Sandraport,22049
Dustin Pennington,455,20933 Cameron Village,West Jesus,91558
Lauren Davis,456,778 Eddie Mission,Brianville,17662
Crystal Miller,457,33290 Robert Heights Apt. 722,Andersonside,84663
Christy Davis,458,088 Moyer Path,West Nicholasfurt,44088
Jason Nelson,459,64282 Mark Garden,Gravesstad,20398
Glenn Ward,460,61402 John Courts,Port Michael,17160
Carl Newman,461,5493 Megan Knoll,South Justinhaven,01617
Paul Rose,462,38842 Bartlett Ways,Smithfort,58370
Julie Sanders,463,087 Tapia Haven,Danielbury,96158
Kristen Cohen,464,47283 Wilson Prairie Apt. 276,North Angelaton,17391
Victor Gomez,465,166 Bethany Gardens Apt. 050,Lake Ronaldtown,38626
Chelsea Williams,466,62701 Delacruz Knolls,South Denise,96897
Emily Lawrence,467,1667 Alicia Forest,Port Laura,32401
Andrea Davis,468,16913 Jessica Cliffs Suite 780,Port Gregory,48284
Victoria Harrison,469,2370 Mcgee Field,Bennettborough,21016
Jamie Roberts,470,76346 Moon Port Apt. 105,Lake Ariel,41819
Christopher Wilson,471,571 Maldonado Roads,East Robert,37143
Heather Larson,472,634 Ponce Plaza Suite 826,West Johnmouth,16373
Alexis Hill,473,155 Richard Loop Apt. 978,Josephberg,63554
William Harris,474,2229 Olsen Extension,Ryanhaven,83944
Brandy Turner,475,10841 Jennings Turnpike,Monicaborough,23960
Ashley Harrison,476,9596 Collins Creek Suite 887,Jamesfort,08924
Ethan Franco,477,7634 Scott Islands,South Meghanborough,46717
Megan Baker,478,1380 Nichols Vista,Port Jamie,48735
Kimberly Walker,479,8308 Cynthia Walks Apt. 999,Port Taylor,55088
Peter Mcguire,480,46194 Nelson Lodge Suite 732,Joelport,81650
Angela Walker,481,21999 Terry Isle Suite 564,Floresborough,53251
Robert Parker,482,71396 Francis Unions,Cunninghamtown,76345
Anna Jackson,483,16261 Steven Locks Suite 308,Lake Alanview,73510
Michael Hall,484,650 Wallace Stravenue,Port April,39587
Andrew Roberts,485,829 Spencer Canyon,New Michaelview,18765
Daniel Gordon,486,87676 Ward Village,Patriciachester,88431
David Jimenez,487,871 Raymond Mill Suite 750,Wrightmouth,70090
Joshua Thomas,488,1558 Michael Land,West Hollychester,09571
Mrs. Laura Watts,489,5646 House Cliffs Suite 781,Port James,47874
Joseph Garcia,490,32404 John Mountains Apt. 807,Hintonshire,67016
Jacqueline Peterson,491,700 Michelle Causeway,North Shawn,14570
Cindy Dixon,492,5240 Edward Forest,Walterland,03535
Steven Taylor,493,1473 Mcclain Ways,North Daniel,12351
Barbara Palmer,494,07776 Robert Manors Suite 691,Barnesburgh,49529
John Thompson,495,71624 Alexander Lodge Apt. 888,Lake Barbarabury,67399
Allison Pratt,496,134 Kathleen Walk Apt. 642,Jacksonview,54837
Justin Marsh,497,127 Murphy Ferry,South Anthony,01456
Danny Stewart,498,03125 Baker Path,Kellyton,96278
Michaela Smith,499,716 Heather Mall,East Vicki,41053
Daniel Perez,500,1258 Sharp Knoll,Port Emily,89128
Monica Richards,501,989 Timothy Burgs Apt. 734,New Amyview,29905
Janet Jones,502,327 Nelson Bypass Suite 297,South Jimchester,13667
Javier Lopez,503,13170 Jones Squares,North Melissaberg,33889
Kathleen Soto,504,21016 Kayla Port Apt. 953,Sarabury,66175
Jeff Rowe,505,520 Shepard Stravenue,Smithfurt,85499
Lee Patterson,506,2689 John Coves Apt. 570,South Stephanie,11435
Donald Sutton,507,17896 Walker Island Apt. 274,North Jackie,10186
Veronica Ramirez,508,427 Ortiz Pines,Phillipstown,58312
Kelly Harvey,509,13115 Kyle Circles,Marcusmouth,59737
George Murillo,510,4343 Benjamin Cape Apt. 005,East Erin,30611
Anthony Johnson,511,5051 Justin Pine,Lake Michaeltown,29262
Tina Johnson,512,7161 Hernandez Manor,Raybury,97151
Teresa Bush,513,750 Mclaughlin Grove Suite 576,West Morgan,55612
Jeremy Thompson,514,0270 Evelyn Rapids,East Keithborough,99928
Joseph Hall,515,13325 Rice Pass,West Cindy,51905
Tina Lopez,516,2925 Gill Island,North Kylebury,81439
Stephanie Nelson,517,688 Caldwell Ferry Suite 151,North Edwinborough,66472
William Cannon,518,214 Craig Forks,Griffithfort,96609
David Shea,519,719 Moran Gardens Suite 607,New Johnside,99733
Julia Vasquez,520,661 Duncan Shoals,Port Kenneth,18520
Amanda Johnson,521,157 Deborah Lakes Apt. 417,Daniellehaven,02935
Courtney Schmidt,522,1760 Carol Rapid Suite 543,Rogersview,86798
Donald Austin,523,811 Jade Junction Suite 742,Baldwinmouth,73842
Eric Fletcher,524,85418 Morris Valley,East Garrettburgh,48127
Juan Myers,525,85917 Jessica Lane Suite 376,Reesefort,28889
Julie West,526,9381 Lee Walks Apt. 645,Ricardoport,73226
Michele Turner,527,34290 John Circles Apt. 713,South Joanna,31060
Bryan Ryan,528,6881 Roger Bypass,North Michelleside,62535
Michael Higgins,529,75252 Hernandez Groves,East Brittanyfort,06598
Michelle Nguyen,530,9253 Robbins Throughway,Flowerstown,90534
Kayla Wilson,531,181 Mckinney Walks,Grayville,19353
Samuel Rollins,532,35653 Tiffany Rapids,North Ryanhaven,45305
Jennifer Hendricks,533,30053 Austin Canyon Suite 232,Stephaniemouth,95931
Brooke Walsh,534,949 Angela Rue,Kimberlyland,57529
Teresa Walker,535,020 Richard Points,South Bradleymouth,11334
Carla Moran,536,590 Liu Path,Wernermouth,43777
Gabrielle Reynolds,537,939 Craig Mountains Suite 310,New Cynthia,52385
Joshua Clark,538,36191 Lopez Brook Suite 882,Port Gabrielaburgh,84842
Louis Coleman,539,9024 Michael Throughway Apt. 392,West Williamchester,80001
Jacob Hess,540,999 Yang Tunnel Apt. 815,Melissafurt,25699
John Gordon,541,43418 Hughes Prairie,Angelaport,24480
Julia Larsen,542,826 Shelly Lights Suite 109,Lake Antonio,25707
Jeanette Jones,543,890 Jason Burgs Apt. 452,Lake Jennifermouth,34676
George Williamson,544,1516 Clark Via Apt. 383,Boyerfurt,68404
Lindsay Brooks,545,1720 Maria Inlet Suite 340,Santosburgh,86454
Beth Smith,546,37111 Christine Union Suite 112,New Josephhaven,29283
James Hoffman Jr.,547,7899 Sabrina Row,Jasonmouth,68930
Jason Reyes,548,093 Joseph Pine Suite 837,Adamstown,49176
Lauren Williams,549,28370 Robin Pike,South Mariaton,83940
Cynthia Perry,550,44795 Wallace Junctions Suite 037,Lisashire,08134
Vickie Schmidt,551,893 Mckenzie Ridges,New Carrieborough,67793
Jennifer Morgan,552,59542 Sarah Estate Apt. 628,Lake Rebeccaview,83050
Mr. Eric Hawkins,553,51527 Joseph Mountain Suite 399,South Michaelborough,01763
Tony Jones,554,7267 Michael Rapid,Alecville,97507
Amanda Reed,555,8572 Mark Brooks Suite 780,Rickeychester,50564
Jacob Clark,556,84422 Kelly Crescent,North Robertport,72505
Erin Steele,557,1576 Marie Mews,Fitzgeraldfurt,88581
Matthew Smith,558,0126 Jason Pass,West Emily,09738
Melissa Kelly,559,66998 Carter Lock Suite 055,Lake Elizabethfurt,20188
Shannon Bennett,560,48501 Kari Centers Apt. 890,Gonzalesview,79274
William Martin PhD,561,80383 Eric Locks,Lake Dustinborough,06314
Jennifer Scott,562,96880 Huff Street Suite 676,Dillonburgh,08394
Christina Phillips,563,966 Thompson Crest,North Kimberly,52895
Jacqueline Martin,564,510 Jon Forge Suite 577,West Kathleen,09138
Gregory Nguyen,565,187 Kennedy Row,West Karen,74426
Chase Haas MD,566,28043 Gerald Plains Apt. 324,Karenbury,11384
Danny Yang,567,047 Paul Path Apt. 680,West Anthonyburgh,66206
Anthony Orr,568,649 Ramsey Harbor,Coryville,85594
Samantha Rubio,569,114 Todd Shore Suite 173,East Jaredberg,62669
Adam Reynolds,570,50789 Avery Courts,West Joshuachester,78753
William Price,571,277 Austin Mill,Jenniferchester,69561
Erika Munoz MD,572,4960 Parker Crossroad,Lake Shannonport,80468
Derek Grant,573,5052 Mcmillan Loop,Sarahborough,32140
Joanne Hudson,574,68749 Wilcox Hill Suite 492,Jasonfort,07425
Chelsea Davis,575,799 Johnson Throughway Apt. 263,New Kelsey,76664
Andrew Miller,576,95673 Kristie Via,Port Christophershire,74708
Anthony Richardson,577,35677 Christian Glens Suite 986,North Chelsea,59236
Kimberly Brown,578,820 Laura Crossing,Cookfurt,42776
Sarah Hernandez,579,6820 Barry Green,New Peterview,26931
Angel Clark,580,88281 Lang Forge Suite 715,Cynthiahaven,30916
Michael Woodard,581,81914 Evan Glens Suite 371,Port Michael,64728
Gregory Owens,582,070 Jessica Lake,Chelseamouth,44599
Tammy Reyes,583,495 Cabrera Greens Apt. 485,Christopherburgh,28853
Jason Pierce,584,1759 Pam Port Suite 420,Wrightton,81220
Christina Delacruz,585,43172 Martinez Squares Apt. 563,South Christopherville,98007
Andrew Silva,586,36650 Cummings Ford Suite 174,Port Deniseberg,91063
Diane Werner,587,513 Marks Pike,Webershire,29666
Kelsey Copeland,588,3455 Rogers Plaza,Lake Kaylaville,76823
Roy Rodriguez,589,50436 Jennifer Road,Paulaton,55099
William Best,590,237 Zhang Mill Apt. 885,Port Natalieville,35650
Kelly Brown MD,591,50476 Sarah Well,Taylorstad,13614
Gregory Benson,592,845 Russo Square,West Kimberly,33270
William Huynh,593,847 Carolyn Center,West Courtneyshire,92398
Erin Mills,594,04737 Wilson Field,West Wandastad,89501
Anthony Payne,595,951 Joshua Gateway Apt. 291,Youngburgh,85538
David Stout,596,280 Teresa Trail Apt. 962,Orozcochester,38059
Kaitlyn Webster,597,58764 Gonzalez Ville,West Kelly,36217
Robert Henry,598,1514 Bennett Place Suite 578,Victoriaton,27253
Mark Kelley,599,75702 Medina Turnpike Suite 021,Fisherfurt,99857
Peter Acevedo,600,16725 Alexander Junctions,Port David,21695
Christy Rose,601,0616 Terri Port Apt. 319,Erikland,26400
Joseph Lara,602,14652 Wood Green Suite 276,Santanaside,64840
Laura Luna,603,7122 Audrey Meadow Suite 869,Alanborough,76213
Jeffrey Oneill,604,221 Smith Rapids Suite 159,South Emilyport,14281
Laura Pearson,605,122 Short Ports Apt. 837,Paigestad,92191
Paul James,606,3738 Anthony Shoal Apt. 574,East Mathew,92902
Joseph Morgan,607,4333 Berger Squares Suite 559,Lake Erinville,31211
Monica Kim MD,608,47403 Hudson Islands Apt. 479,New David,49865
John Marsh,609,274 Patrick Square,West Lesliehaven,58078
Rachel Reynolds,610,5299 Brianna Corners Suite 917,Lake Brettmouth,89191
Carla Garcia,611,372 Schneider Highway Apt. 154,South Aaron,49593
Craig Lambert,612,1521 Rodney Light,Gravesview,99147
Zachary Alvarez,613,252 Leah Forge,Braychester,23758
Jessica Bush,614,916 Kirk Center Apt. 065,Port Michaelville,45261
Michele Goodman,615,72919 Stacey Course,Cristianfort,10504
Michael Mccullough,616,503 Phillips Lock,Lake Patrick,33470
Jason Montes,617,9197 Parker Neck,Lake Johaven,04524
Sarah Marshall,618,35170 Moreno Forest Suite 155,West Adam,29622
Eric Cohen,619,289 Gary Villages Suite 988,East Roychester,74325
Bonnie Dunn,620,43572 Julie Shore Apt. 445,Kyleburgh,67353
Brandi Martin,621,6003 Michael Skyway,Smithshire,37808
Melissa Smith,622,76797 Maria Harbors Apt. 903,South Christina,55002
Jason Marquez,623,31530 Buckley Ramp Apt. 676,Port Gabriellaton,62891
Jeffrey James,624,308 Flores Isle Suite 735,Port Matthew,66115
Jerry Patterson,625,0420 Thomas Ways Suite 357,Colemanville,83877
Paul Cardenas,626,627 Patrick Plain Suite 819,Fritzbury,24098
John Stewart,627,93189 Matthew Walks Apt. 391,New Carolineberg,06155
Martin Delgado,628,240 Alex Port,South Rebecca,96952
Elaine Rhodes,629,495 Holmes Path Suite 914,North Anthony,18289
Katherine Sampson,630,52546 David Ports Apt. 943,Wilsonshire,73924
Melinda Gates,631,211 Gomez Branch Suite 514,New Juanborough,46280
Travis Guerra,632,608 Melissa Inlet,North Danielhaven,42769
Gerald Cuevas,633,95379 Martinez Creek Suite 850,East Kathymouth,24888
Jeffrey Schmidt,634,2631 Rodgers Ranch Apt. 871,Fernandezburgh,78953
Steve Paul,635,09184 Davenport Mills,East Michelle,72847
Courtney Sanders,636,242 Andre Stravenue,Port Raymond,10401
Jennifer Howard,637,41687 Christopher Radial,Sherristad,49103
Julie Matthews,638,1563 Beck Turnpike,West David,85922
Tabitha Young,639,275 Joshua Islands Suite 541,Warrenshire,53801
Mary Sullivan,640,206 Edward Circle,South Benjaminhaven,63357
Miranda Rodriguez,641,9756 Meyer Alley Suite 317,East Gregory,77140
Brandon Ross,642,15695 Campbell Fork,New Terry,51655
Justin Roberts,643,9006 Brian Pines,Alvaradotown,87055
Timothy Ball,644,812 Hanna Terrace,Gonzalezton,08654
Sheryl Wiley,645,71575 Brent Plains,Palmerview,85418
Aaron Martin,646,173 Joshua Fork,West Tracy,19291
Dr. Lisa Juarez,647,81833 Pena Mountain Apt. 655,West Brian,26541
Jackie Johnson,648,35080 Jessica Hill Apt. 852,East Jordanbury,76901
Douglas Skinner,649,347 Welch Neck,East Christopherbury,99618
Amy Sanchez,650,041 James Port,Catherineland,06366
Rickey Berry,651,722 Maria Lakes Apt. 729,Deborahstad,78901
Luke Moore,652,1715 Autumn River Suite 646,East Julieland,44227
Aaron Boyd,653,85228 Chavez River,West Richardton,17374
Mary Bowman,654,0109 Scott Viaduct,South Williammouth,34886
Amy Graham,655,2998 Brandon Isle Apt. 704,Scottfort,72125
David Cooper,656,86547 Salazar Plains Apt. 359,South Austin,02857
Richard White,657,37169 Smith Inlet,Richardstad,30996
Cristina Norris,658,201 Johnston Street Suite 648,Sallychester,30207
Laura Jordan,659,466 Heather Plains Suite 964,New Nicholas,17230
Maurice Gray,660,943 Abigail Overpass Apt. 799,Vincenttown,78225
Theodore Torres,661,4569 Zamora Trace,West Janeshire,96136
Matthew Howard,662,827 James Village Suite 562,Bradleyton,98622
Edgar Castillo,663,537 Dickerson Pass Apt. 401,New Mark,04695
Jonathan Green,664,7398 Estrada Trace Suite 980,New Lisachester,59732
Diana Sutton,665,189 Gerald Cove,Lyonsport,72215
Kimberly Bryant,666,9398 Houston Vista,North Rachael,09739
Shelley Bowen,667,002 Mitchell Gardens Suite 178,Jeannehaven,02521
Michael Harrington,668,715 Michael Street Apt. 668,Kellyburgh,17350
Jimmy Bennett,669,142 Miller Circle,Thomasville,57856
Peter Walls,670,51453 Zachary Mission,Melissahaven,08465
Isabella Hancock,671,90161 Salinas Vista Apt. 370,Saundersport,45948
Kevin Johnson PhD,672,698 Ortega Locks,South Jason,85357
Maureen Lopez,673,21504 Hernandez Lane Apt. 441,Richardland,22979
Jennifer Arroyo,674,1749 Maria Isle Apt. 265,Fordside,89980
Robert Bentley,675,9612 Atkins Pass,East Richard,78877
James Cox,676,48156 Smith Row,Lake Carlos,46817
James Cooper,677,1977 Sanford Knolls,Parkerview,70240
Dennis Schmidt Jr.,678,4297 Johnston Brook Apt. 429,South Patriciaport,61277
Jennifer Ferguson,679,838 Christina Mountains,Berryberg,29648
Trevor Hayes,680,391 Parks Lights Apt. 223,Steelechester,33471
Jeremiah Holt,681,99877 Davenport Mountains Apt. 337,Port Alexbury,81752
Zachary Schultz,682,5901 Curtis Garden Apt. 452,Jessicabury,22646
Jason Smith,683,82520 Madden Shore,Lake Ronniemouth,71050
Melinda King,684,846 Veronica Forks Suite 415,Baldwinborough,56061
Elizabeth Rowe,685,57519 Kelley Route,North Blakechester,63576
Tina Taylor,686,685 Peter Tunnel Apt. 910,West Aprilchester,10729
Tracy Campbell,687,1891 Brian Corner Apt. 232,Hendersonview,62270
Carlos Peterson,688,790 Oneal Circles Apt. 366,Fraziertown,71347
Lori Price,689,0130 Green Light,Judithberg,78658
Jacqueline Smith,690,6709 Brandy Ridge Suite 519,Mollyport,29940
Dawn Brown,691,926 Charlotte Court,Ramirezmouth,86878
Christina Bolton,692,274 Vasquez Corners,South Roberto,96347
Timothy Fernandez,693,921 Oconnell Crossing Suite 625,Lake Patricia,46428
Kendra Bernard,694,5426 Sullivan Station Apt. 691,Lake Denisemouth,16754
Miranda Chandler,695,75655 Williams Ports,Lake Georgestad,01649
Autumn Christensen,696,58563 Cox Estate,North Adrian,40195
Kristin Moore,697,88220 Allen Via Suite 231,Jeremyfurt,38525
Brett Jones,698,3820 Wilson Vista Apt. 346,Barnesbury,31850
Cheryl Lester,699,493 Henry Circles Suite 166,Brownberg,69672
Andrew Vega,700,98906 Edwards Garden,Williamsburgh,57386
Tyler Munoz,701,57804 Amy Meadows Suite 116,Port Carlos,43605
Larry Woodward,702,49687 Paul Rest Suite 593,East Ashleyville,35532
Annette Moreno,703,0698 John Causeway,South Antonio,46418
Jose Butler,704,09377 Woodward Corner Suite 234,Port Scott,73592
Cheryl Stout,705,71243 Pratt Skyway Apt. 606,New Jacobborough,16509
Jerome Martinez,706,7599 Kirk View,Jasonborough,38927
Elizabeth Fowler,707,0093 Wright Drives Suite 489,Michaelborough,25539
Joel Deleon,708,872 Mark Fork,Simpsonland,14874
Patrick Chambers,709,531 Donna Meadows,Laurieland,12606
Justin Hudson,710,758 Johnson Cliff,Ericchester,93706
Samuel Mcbride,711,524 Dean Burgs Apt. 057,Lynnfort,96749
Scott Chung,712,5737 Thomas Street Suite 162,East Joeberg,36517
Angela Cooper,713,0323 George Mission,Anthonyshire,36389
Matthew Proctor,714,8955 Johnson Terrace,South Jeffreyton,08632
Adam Hill,715,42953 Jason Port,Deniseton,96193
Adam Parker,716,85821 Adam Vista Apt. 645,Thomasborough,37526
Joshua Howard,717,671 Humphrey Gardens Apt. 609,East Leahland,70928
Robert Clark,718,7092 Jose Square,Adamton,75203
Jodi Mcgrath,719,129 Logan Lodge Suite 342,Staceytown,53011
Deanna Roberts,720,55543 Peterson Mews,Port Bryanfurt,31115
James Garcia,721,67742 Bryan Crescent Suite 607,Lake Matthewmouth,08142
Brian Mcdonald,722,327 Contreras Summit,Wilkersonbury,56869
Tracy Miller,723,3178 Walls Ferry,Bernardland,29769
Theodore Kennedy,724,453 Alexandra Mill Suite 441,New Elizabeth,05800
Anthony Jones,725,4831 Lee Ports Apt. 093,West Vanessa,25050
Thomas Price,726,7267 Wilson Square,Lake Caseymouth,80070
Raven Walker,727,2628 Bowman Gardens,Lake Julie,80092
Kevin Shaw,728,269 Christy Stravenue Suite 104,South Ashley,61596
Julia Salinas,729,1417 Jacqueline Cape,Lake Dennistown,35133
Kendra Mitchell,730,2394 Torres Fork Apt. 480,Tammyfurt,92567
Kristen Young,731,45795 Randy Drive Suite 645,Devinchester,34900
Randy Mccormick,732,525 Thomas Hollow,West Robertberg,96841
Jennifer Todd,733,327 Brown Lodge Apt. 486,Morrisonland,18764
Monica Brown,734,3232 Johnston Brook,East Victor,04772
Melissa Patterson,735,2981 Meredith Ville,Wilsonview,77740
Jose Adams,736,656 Kyle Spurs,Hollyville,26169
Jason Wright,737,356 Aaron Light,Lake Cameron,85863
Ryan Gomez,738,99397 Watson Rest Suite 184,West Jenniferburgh,36856
Carla Bradley,739,8957 Mills Forest Suite 623,Thomasmouth,81501
Amanda Ramsey,740,178 Christopher Knolls Apt. 188,Rivershaven,23687
Angela Christensen,741,2259 Jo Neck Apt. 432,Weberfort,56410
Paul Gonzalez,742,051 David Manor,Jeffreyburgh,16971
Ronald Lynn,743,26403 Eric Lodge,Sarahstad,36916
Eric Davis,744,075 Glenda Brook Apt. 260,Richardfort,44831
Diamond Williams,745,060 Ortiz Plain,Lake Kayla,78341
Scott Brown,746,7125 Roberts Points Suite 291,North Mikeville,28980
Daniel Anderson,747,4771 Jocelyn Parkways,Nortonberg,91233
Brian Gonzalez,748,4618 Adams Port,Kyletown,72725
Craig Smith,749,271 Sarah Skyway Apt. 046,Petersonshire,91583
James White,750,96399 Keller Tunnel Suite 321,Susanstad,54754
Alicia Adams,751,80794 Julie Knoll,Coreychester,91286
Anthony Castillo,752,3661 Black Course,Laurastad,52123
Holly Harris,753,721 Ryan Plains Apt. 645,Brownville,11026
Brady Newton,754,97770 Johnson Throughway Suite 199,Stephaniehaven,24185
Lauren Medina,755,479 Monica Freeway Suite 812,Marquezmouth,81037
Alexandra Sparks,756,9346 Julie Turnpike,Timothyburgh,27505
Maria Wood,757,60221 Adam Path Apt. 818,Danielleport,06044
Sydney Diaz,758,08658 Boyer Circle,Amandamouth,51672
Steven Koch,759,1753 Stewart Passage,Holmesfort,09627
Mike Jensen,760,938 Kimberly Drive Apt. 549,Lake Williamberg,45257
Jeffrey Chen,761,539 Beck Lock,East Aaronborough,73484
George Henson,762,26911 Mack Rapid Apt. 172,Lake Seanmouth,64222
Zachary Smith,763,6191 Johnson Mills Apt. 707,South Iantown,10300
Brian Cook,764,462 Jackson Mountain,South Emmahaven,92136
Jonathan Allen,765,85459 Kristin Ferry,North Carrieville,35446
Shannon Pope,766,712 Jacob Mountains,Gonzalezshire,86184
Angela Young,767,23884 Andersen Mall,Port Nicole,20647
Peggy Terrell,768,94424 Rodney Throughway,Aprilburgh,26970
David Jones,769,008 Rice Forks Apt. 404,Jonesview,95683
David Williams,770,81776 Bradley Mission Suite 728,Brendaside,57491
Arthur Garcia,771,179 Smith Isle,Scottport,20601
Katherine Hernandez,772,06254 Ashley Key Apt. 693,North Randallchester,31431
Ryan Wright,773,910 Mueller Rapids,Lake Shannontown,66391
Melissa Rangel,774,8465 Ryan Terrace,Lewismouth,28048
Frederick Thomas,775,0621 Daniel Burgs Apt. 523,Mccarthymouth,10057
Steven Taylor,776,079 Shelton Row Apt. 643,South Rickeychester,85854
Daniel Mitchell,777,0247 Tiffany Lodge Suite 660,Garciaburgh,45964
Mrs. Tracy Hall,778,28942 Thomas Mall,Mosesside,91768
Eric Chapman,779,533 Johnson Port,Hoganburgh,93176
Ryan Harrington,780,48806 Kevin Run,South Albertbury,18535
Kenneth King,781,934 Franco Harbors,West Jacqueline,50908
Christopher Thomas,782,4905 Heather Pines,Port David,45773
Todd Brown,783,829 Phillips Station Suite 347,New Jenniferland,93468
James Hamilton,784,1370 Joshua Pike,East Tammy,28176
Andrew Garcia,785,838 Michael Route,Ashleyburgh,71712
Andrew Welch,786,00658 Price Trail,Lake Claudia,27784
Yesenia Brown MD,787,9488 Alexis Bypass,West Christieville,55334
Wanda Gibson,788,6903 Evelyn Ville Apt. 685,South Ambermouth,03242
Jessica Mcdonald,789,4082 Morrison Plains Apt. 968,Nathanview,68360
John Short,790,791 Taylor Way Suite 710,Jameston,63503
Greg Hansen DDS,791,29641 Vargas Highway,Port Michaelton,45449
Stephanie Lawson,792,8043 Brandon Green,Kelleyton,15711
Shelby Bryan,793,0397 Taylor Port,Lake Rhonda,28642
Tyler Farrell,794,297 Joshua Circle,East Mariatown,72279
Julian Lopez Jr.,795,37508 Edwin Plaza Apt. 451,East Timothyville,75962
Marcus Chung,796,1709 Michael Centers,Port Christophershire,58661
Joyce Miller,797,427 Erik Mission Suite 528,Kevinmouth,98696
Steven Hill,798,96158 Garrett Cliffs,Donaldsonview,26497
Gregory Mitchell,799,449 Sherri Plain,New Jonathan,44416
Samantha Wong,800,765 Curry Isle,New Sandraborough,58956
Katrina Frank,801,5565 Hernandez Park Suite 295,Baileyburgh,11750
Andrew Mcguire,802,510 Alexa Walk Suite 703,North Leefort,99547
Bryan Ramirez,803,566 Frank Ramp,Omarmouth,87027
Jason Perez,804,522 Rose Ports Apt. 998,Maldonadoside,14807
Megan Duncan,805,38668 Robbins Mill,Barbarafurt,97865
Marilyn Knapp,806,5869 Williams Extension Apt. 173,Paulstad,20008
Kristina Bray,807,0309 Kidd Hollow Apt. 503,Normanside,51171
Heather Palmer,808,447 Sophia Pines Suite 295,Lake Tammy,12260
Mrs. Julie Mcpherson,809,01918 Richard Viaduct Suite 525,Lake Markside,51940
Kristen Young,810,830 Stephanie Court Apt. 238,West Francisco,47738
Juan Brown,811,35689 Smith Keys,Lake Lisashire,59790
Jonathon Cole,812,52586 Mcdaniel Plaza Apt. 840,North Brittany,71489
Jason Peterson,813,986 David Plaza,Josephburgh,72963
Jeffrey Yates,814,36519 Rodgers Stravenue,Port Crystal,04489
Alan Williams,815,567 Susan Loop Apt. 761,Port Cindyland,10343
Robert Simon,816,8775 Jones Throughway,Christinaland,81171
Laurie Harris,817,6187 Frye Radial,Jaredfurt,49296
Ms. Katherine Allen DDS,818,991 William Square,Ericahaven,41406
Bruce Blackwell,819,99008 Hawkins Center Suite 419,North Nicholasmouth,97867
Jesse Little,820,75601 Samuel Row,North Roberto,72395
Justin Le,821,71226 Vincent Camp Suite 125,Dianeport,23467
Lisa Grant,822,110 Love Keys,Duranton,01932
Peter West,823,86505 Sanford Locks Suite 190,East Ashleyport,51924
Jessica Barnes,824,83503 Allen Pines,Wendyfurt,80506
Michael Vargas,825,171 Brooks Trace,Marksview,64397
Edward Daniel,826,2523 Terry Prairie,Bryanside,20502
Mark Lewis,827,3121 Wagner Flats Apt. 828,Port Patricia,27421
Christina Howard,828,4678 Jeffrey Highway,Toddfurt,47295
Gabriel Ritter,829,902 Haney Junctions,New Michelle,32591
Edward Gomez,830,754 Schmidt Spurs,New Angelamouth,37751
Sarah Webb,831,770 Tina Branch,Garzamouth,19945
Deborah Mckinney,832,605 James Greens Apt. 760,Lake Anneview,79448
Cynthia Coleman,833,0076 Alexis Ports Apt. 022,Port Shawn,11422
Tammy Patrick,834,4017 Berger Estates,North Jeffrey,65645
Julia Sanchez,835,5639 Brown Village,Griffinside,77578
Dr. David Smith Jr.,836,34493 Mathis Flats Suite 871,East Andrew,17635
Monica Ray,837,0045 Robert Spurs Suite 772,West Alexander,94574
Sara Raymond,838,776 Marks Valleys,Dawnburgh,79076
Rebecca Wallace,839,23126 James Plaza,Gregoryfort,06931
Carrie Brewer,840,1223 Paul Center Apt. 957,Harrisville,49550
Brian Foster,841,253 Boyer Forks Apt. 173,North Donna,09112
Michelle Henry,842,3437 Smith Dale,New Jonathan,75432
Melissa Williams,843,66295 Casey Fork,South Douglaston,09642
Mrs. Debra Hamilton,844,684 Thompson Harbor,New Alexisfurt,24382
Lance Rosario,845,038 Terry Row,North Cody,19485
Dakota Mendez,846,4733 Ashley Divide,Diazborough,19730
Gail Turner,847,32150 Brian Bridge Suite 760,South Carolview,99742
Kendra Brown,848,765 Elliott Crest,Samanthaborough,14299
Mary Boyle,849,607 Colon Parkway Apt. 507,Lake Aprilton,22020
Rose Cannon,850,086 Nicholas Trace,North Adam,01546
Crystal Harris,851,5272 Rivas Spur,Millershire,86359
John Miller,852,2816 Craig Via,Michelleland,23429
Elizabeth Wyatt,853,8169 Webb Ranch,East Nicholas,66651
Abigail Mack,854,54850 Jennifer Road Apt. 322,North Robertside,61454
Michael Rose,855,184 Perez Meadow,North Lisafurt,12249
Jennifer Ramirez,856,0241 Hill Islands,Gomezland,61419
Jessica Singleton,857,31619 Ryan Extensions Apt. 128,Marymouth,59239
Travis Long,858,28045 James Wells Suite 312,South Luismouth,81885
Misty Solis,859,41075 Christopher Squares Suite 188,Aprilton,80785
Dustin Aguilar MD,860,69148 Mann Crescent Suite 942,Sanchezstad,22451
Amber Thompson,861,2256 Amy Island,Joshuafort,94216
Kristen Barnes,862,3807 Carey Highway Apt. 081,Rodriguezchester,07108
Jamie Howard,863,405 Sara Circle,West Sarah,03342
Micheal Dean,864,15398 Shepherd Locks,Brandonton,41971
Timothy Monroe,865,752 Palmer Brook,East Megan,53042
Ronald Browning,866,35426 Hampton Valley Suite 687,Lake Danachester,35516
Carol Ortiz,867,8313 Kyle Circles,Lake Sean,77533
Mario Wagner,868,9913 John Motorway Apt. 430,Heathermouth,79535
Lisa Gibson,869,25110 Timothy Flat Apt. 113,East Patriciaview,89424
Natalie Andrews,870,70097 Howard Points Suite 531,East Arielfort,35417
Alan Benitez,871,0361 King Park,Farmerville,26508
Mark Palmer,872,9402 Bailey Ville Apt. 659,North Kathryntown,33565
Melissa Bell,873,48616 Duffy Gateway Suite 667,West Johnfort,04244
Barbara Collins,874,1542 Nelson Place Suite 111,West Latasha,53272
Cody Thompson,875,21621 Sarah Well Suite 088,Fernandezfurt,36032
Carla Gould,876,05234 Melissa Station Apt. 171,East Michaelborough,23937
Kathryn Chapman,877,38272 Nunez Shore Apt. 683,West Derrick,84282
Amy Walters,878,8771 Owens Lights,Lake Sergio,86766
Bryan Wu,879,292 Pugh Ford,Port Christopher,82453
James Mccoy,880,8613 Day Fords,Kevinborough,38521
Jason Peterson,881,7353 Smith Island Apt. 505,Hardyport,67553
Joshua Pena,882,4544 Tyler Vista,North Charles,36429
Anna Forbes,883,50149 Ashley Ridges Apt. 135,Port Kaitlin,77337
Melissa Terry,884,9592 Fields Light,West Jefferyhaven,47965
Jill Farmer,885,3634 Bailey Spring,Port Anitashire,10995
Melanie Kennedy,886,06185 Timothy Forest Apt. 987,Littlestad,03157
Nicholas Hernandez,887,1471 David Road,Selenaberg,28557
Jose Williams,888,47082 Fernandez Cliffs,Lake Emily,83825
Troy Sandoval,889,214 Castillo Hollow,North Elizabethberg,99922
Daniel Foster,890,078 Martinez Cove Suite 691,Alisonchester,78594
Terry Diaz,891,320 George Light,West Laura,86207
Susan James,892,631 Peter Vista,Davidburgh,41665
Robert Barry,893,5849 Gina Shoal Apt. 009,Bryantport,56646
Donald Chavez,894,89254 Gutierrez Ports,New Jodyport,08476
Darlene Andrews,895,268 Murphy Club,New Michael,13374
Phillip Gomez,896,450 Anthony Ridges Apt. 329,North Rebekahfort,71412
Heather Hahn,897,19060 Edwards Squares Apt. 845,North Andreshaven,90218
Bobby King,898,644 Mendez Plain,Lake Dustin,67513
Dwayne Jones DVM,899,709 Byrd Mount Suite 997,New Karlaberg,26883
Dana Mcneil,900,68270 Jackson Parkways Suite 247,Port Tylerstad,53426
Ricky Cantrell,901,614 Sheryl Greens Suite 413,Jessicamouth,41183
Brian Ball,902,30584 Bridges Fort,East Bryan,67226
David Watson,903,5573 Good Centers,New Alyssa,23156
Jose Allen,904,5223 Ayala Crescent,North Stevenport,79952
Sheryl Sharp,905,6889 Jones Orchard Apt. 112,Soliston,28527
Pamela Little,906,161 Douglas Mount Suite 836,North Rebeccaberg,54497
Bobby Esparza,907,4341 Dixon Haven,Walkerfort,91351
Jessica Walker,908,58320 Zachary Passage Suite 481,East Cameron,07270
Vanessa Graves,909,16965 Mullins Camp Suite 274,Josephport,33556
Debra Frey,910,875 Hernandez Loaf,Cynthiashire,85519
Joseph Phelps,911,263 Tina Fort Suite 347,East Anita,17364
Robert Knapp,912,56293 Derek River,South Alecborough,07557
April Torres,913,0607 Fernando Neck Apt. 734,New Michael,74501
Rebecca Good,914,39451 Nicholas Mountains Apt. 490,Leefurt,84052
Jackie Reed,915,092 Blackburn Way Suite 342,West Drewfort,77010
Tracy Thompson,916,8233 Hill Ports,Caseyside,30600
Joshua Ray,917,84216 Michelle Forge Suite 889,New Veronica,13514
Nancy Odonnell,918,4130 Austin Plaza,Johnsonport,59142
Joseph Patterson,919,483 David Summit Apt. 073,West Yvonneberg,74575
Robert Henderson,920,198 Beck Oval Suite 947,Jefferyberg,92099
Oscar Hensley,921,3881 Daniel Mountains,Sherylstad,94009
Matthew Black,922,225 Corey Greens,Charlesview,61584
Alexa Williams,923,3526 Vega Vista Suite 175,Boothfurt,39123
Suzanne Miller,924,2915 Lambert Roads Apt. 822,East Charles,80088
Linda Moran,925,400 Costa Gardens Suite 981,North Scott,47782
Jodi Evans,926,753 Gregory Islands,Kylechester,89234
Jacob Ferguson,927,167 Melissa Alley,Johnnyport,72754
Ryan Santos,928,70148 Young Mission,Jeremychester,88447
Robert Wheeler,929,9501 Amy Islands,Mercadoburgh,96766
Sarah Kennedy,930,66654 Garcia Loaf Suite 253,Lake Nicolas,36862
Elizabeth Garcia,931,5087 Tammy Ways Apt. 041,Smithfort,28874
Kristy Spencer,932,049 Santos Underpass,New Rogerbury,09448
Allison Rogers,933,9249 Bradford Key,East Shirley,84395
Bonnie Moore,934,0189 Eric Spur,East Bradley,63784
Angela Smith,935,5690 Stanley Creek,West Angela,53774
Ms. Kimberly Hill,936,539 Ferrell Junction Suite 209,New Christopher,22241
Regina Gardner,937,638 William Crescent,West Jasonfurt,75743
Nicole Franco,938,151 David Mountains,Brittneyside,67636
Marisa Hayden,939,82765 Tate Dale,Lake Matthew,21191
Jacob Gutierrez,940,7232 Molly Crest,West Kimhaven,40022
James Gonzales,941,506 Stuart Camp,Walkerstad,45874
Ms. Tracey Murray,942,859 Reid Shores,South Nicoleborough,12401
Kimberly Smith,943,881 Curtis Cove Apt. 806,South Steven,42979
Natalie Day,944,871 Greene Loop,New Tanya,99502
Shannon Wallace,945,77103 Smith Station Suite 393,Emilyport,94981
Theresa Blackwell,946,56885 Gonzalez Causeway,Danielstad,81110
Anthony Smith,947,5180 Hart Curve Suite 563,Jonathanton,89928
Kimberly Brooks,948,1015 Matthew Squares,Lake Lindsay,72684
Matthew Hernandez,949,9817 Michael Alley,New Sarah,66041
Donna Kelly,950,1795 Kenneth Spurs,Williammouth,55277
Kathleen Ford,951,465 Walton Center Suite 789,West Monica,89159
Spencer Freeman,952,716 Ware Square Apt. 838,Christinatown,98909
James Zimmerman,953,5316 Harmon Orchard,Port Jimmy,56458
Jesus Baker,954,26861 James Mall Suite 584,South Sherryland,30983
Anthony Nelson,955,69563 Boone Rapids,Lake Lauren,45396
Jonathan Burns,956,5711 Lynch Forest Apt. 389,Rogerfort,48950
Eric Mcknight,957,9716 Amanda Creek,Port Edward,16777
Roberto Pittman,958,237 Sandra Stream Apt. 052,New Marymouth,47654
Zachary Jensen,959,7694 Hill Flats Suite 257,East Alexisstad,62022
Erica Smith,960,812 Vanessa Ranch Apt. 448,Jamesfort,29998
Jennifer Harrington,961,52440 Thomas Field,North Barbaraport,69850
Lisa Garner,962,13865 Brian Branch,Olsenfort,85828
Natalie Wheeler,963,1489 White Harbors,Lake Yolanda,99920
Henry Thomas,964,894 Horn Fall Suite 849,Lake Jennifermouth,78406
James Martin,965,0850 Mccarthy Club,Lake Margaretland,77718
Maria Rivera,966,28776 Helen Pass,Johnport,93522
Kevin Mitchell,967,48454 Hayes Brook Apt. 603,Port Bryanhaven,50447
Bobby Green,968,2523 Jacob Mills,Wolfestad,10641
Jasmine Campbell,969,601 John Cliff Suite 142,South Tonyafurt,79668
Allison Mcgrath,970,173 Jason Street,Montoyatown,30145
Jennifer Mccoy,971,141 Jacob Springs,Walterborough,84088
Kimberly Sheppard,972,69849 Strickland Pass Suite 427,Lake Andresside,41790
Kimberly Burton,973,81001 Jeanette Valley Apt. 917,Port Meghanview,61615
Emily Anderson,974,25387 William Passage Suite 929,West Adrianbury,11959
Cameron Booth,975,5923 Thompson Flats,Merrittfort,51411
Alejandro Lewis,976,51908 Shawn Village,North Hailey,28775
Cassandra Phillips,977,1555 Perry Throughway Apt. 897,Sosashire,61259
Lindsey Cobb,978,423 Smith Walks Suite 295,East Raymondborough,07565
Frances Perez,979,970 Riley Trail,Donaldtown,18830
Michael James,980,79518 Sullivan Shore,Collinshaven,19448
Jennifer Calhoun,981,558 Hinton Ridges Suite 024,Lake Alan,22313
Brenda Mccullough,982,34862 Daniel Pike,Port Christinafurt,43537
Robert Garner,983,123 Bradshaw Drive Apt. 689,Port Mark,48174
Sheila Curry,984,5503 Liu Fort Suite 490,East Coltonmouth,45576
Nicholas Roach,985,50963 James Estates,Michaelberg,31865
Caleb Chaney,986,78219 Morales River,Kristinton,06943
Vanessa Olson,987,97231 Castillo Trafficway,Johnsonchester,22145
Nichole Bell,988,52662 Tyler Stravenue,Lake Nicolestad,13075
Bridget Brown,989,99154 Newman Springs,Lake Michaelside,16224
Joseph Jennings,990,6484 Matthew Extension Apt. 468,South Jaimeville,05960
John Rose,991,5081 Shawn Glens,Port Sherry,45649
Nicole Anderson,992,7475 Davis Burgs Suite 353,Gayland,16287
Andrea Summers,993,35141 Lauren Key Apt. 613,Lake Sethland,85957
Christopher Davis,994,699 Davis Isle,New Derrick,72049
Tony Houston,995,58060 Howe Ford Suite 228,East Mark,07615
Mr. William Price,996,85373 Jeffrey Courts,North Barbaraburgh,38555
Kelly Mathews,997,9345 Harvey Loop Suite 426,Tiffanybury,64130
Robert Smith,998,51619 Harrell Cliff,Thomasmouth,61254
Dennis Tyler,999,823 Jason Vista Suite 753,Valenciaborough,04923
James Rice,1000,1642 Larry Isle Suite 139,Kellyshire,47049
Karen Payne,1001,7238 Davis Camp Suite 584,Rickytown,07728
